"Txhash","Blockno","UnixTimestamp","DateTime (UTC)","From","To","ContractAddress","Value_IN(ETH)","Value_OUT(ETH)","CurrentValue @ $1629.6/Eth","TxnFee(ETH)","TxnFee(USD)","Historical $Price/Eth","Status","ErrCode","Method"
"0x5238a09203742eb3a2b1104d348970c06ba03a1b7976131b58ebc31f85515a6e","16959672","1680417299","2023-04-02 06:34:59","0xb287eac48ab21c5fb1d3723830d60b4c797555b0","0x6e5fada17f771d4cbe790ecea1367c42b311b3ca","","0.0137","0","22.32552","0.000430208377305","0.701067571656228","1795.54","","","Transfer"
"0xfda416fe8a7bf3df21768ece2bc1884b24c767581dd2507f96ea2ebf3737e0c3","16959719","1680417887","2023-04-02 06:44:47","0x6e5fada17f771d4cbe790ecea1367c42b311b3ca","0x48f0fd0ee96e95c8ea0344c38f2604b00ff78247","","0","0.01344","21.901824","0.000440135810352","0.717245316549619","1795.54","","","Transfer"
"0xcbe1a729a33dbdd05a5659e579b6fd2e1ddcc5067248d01db8c15300ca999ac8","16959887","1680419975","2023-04-02 07:19:35","0xd108fd0e8c8e71552a167e7a44ff1d345d233ba6","0x6e5fada17f771d4cbe790ecea1367c42b311b3ca","","0.0123","0","20.04408","0.000364342436493","0.593732434508993","1795.54","","","Transfer"
"0x9592f061578c59a1a536248e15384e4903ebc9097c9af394c4333c7141059ae5","16959893","1680420047","2023-04-02 07:20:47","0x6e5fada17f771d4cbe790ecea1367c42b311b3ca","0x3b2a6504c4d31779b3aeb534e3f0671d16342c06","","0","0.01206","19.652976","0.000352848643665","0.575002149716484","1795.54","","","Transfer"
"0xe9c044083be4781d000026948c370a808685766dd87a77e7f9cc418dfdf7d5dc","16980383","1680670727","2023-04-05 04:58:47","0xd108fd0e8c8e71552a167e7a44ff1d345d233ba6","0x6e5fada17f771d4cbe790ecea1367c42b311b3ca","","0.0226","0","36.82896","0.000764733212376","1.24620924288793","1909.49","","","Transfer"
"0x42297ab27812cfd30a59cbdc05cf77ea7485bc193863a8199cf6178d44a39ee1","16980418","1680671147","2023-04-05 05:05:47","0x6e5fada17f771d4cbe790ecea1367c42b311b3ca","0x3b2a6504c4d31779b3aeb534e3f0671d16342c06","","0","0.01074","17.501904","0.000643286295435","1.04829934704088","1909.49","","","Transfer"
"0x62255eae426aeee1a2eee87d76701ecfda72eb07f3984f9f8a914f8b1b09e58c","16980483","1680671951","2023-04-05 05:19:11","0x6e5fada17f771d4cbe790ecea1367c42b311b3ca","0x48f0fd0ee96e95c8ea0344c38f2604b00ff78247","","0","0.01047","17.061912","0.00060172270746","0.980567324076816","1909.49","","","Transfer"
"0x3eb56c4f227f91c1b834dbdf44fccc5882d1c3ab6f165cbf8e82965670e99ee4","16986977","1680751739","2023-04-06 03:28:59","0xb287eac48ab21c5fb1d3723830d60b4c797555b0","0x6e5fada17f771d4cbe790ecea1367c42b311b3ca","","0.0171","0","27.86616","0.000666657503022","1.08638506692465","1873.09","","","Transfer"
"0x7e058cfe755eb3c5e081f533e57ed6e8433530aa6a85e3b573aa831d6e045d11","16987042","1680752531","2023-04-06 03:42:11","0x6e5fada17f771d4cbe790ecea1367c42b311b3ca","0x48f0fd0ee96e95c8ea0344c38f2604b00ff78247","","0","0.0166","27.05136","0.00056205536688","0.915925425867648","1873.09","","","Transfer"
"0x6a3cd4fe60d2005b61ff11fe28c3f95ea1ae0c7b6d9e94f0ae5a17056d8a0208","16988590","1680771743","2023-04-06 09:02:23","0xd108fd0e8c8e71552a167e7a44ff1d345d233ba6","0x6e5fada17f771d4cbe790ecea1367c42b311b3ca","","0.0174","0","28.35504","0.000623120637594","1.01543739102318","1873.09","","","Transfer"
"0x7aa62a904e0b0258e686b5a56d793803e88f0fd3a888fc439dd20d6f5eae6c03","16988595","1680771803","2023-04-06 09:03:23","0x6e5fada17f771d4cbe790ecea1367c42b311b3ca","0xcb851ef9753465f5759686a9a8d699fca7bb0c14","","0","0.01675","27.2958","0.000608656128528","0.991866027049229","1873.09","","","Transfer"
"0x7928220414ada1e4b8b6e983ac54991a2299999df917bd1d720efb1ccb9ec929","16988700","1680773195","2023-04-06 09:26:35","0xd108fd0e8c8e71552a167e7a44ff1d345d233ba6","0x6e5fada17f771d4cbe790ecea1367c42b311b3ca","","0.0173","0","28.19208","0.000546428796354","0.890460366538478","1873.09","","","Transfer"
"0xc291b47047c200065f10267248ce6b17bae51831b537e95e851907df87d5f219","16988706","1680773267","2023-04-06 09:27:47","0x6e5fada17f771d4cbe790ecea1367c42b311b3ca","0x968b8e9c5ea7a67b0d02acb74c34e4ccd8d4797f","","0","0.01673","27.263208","0.000534309575646","0.870710884472722","1873.09","","","Transfer"
"0x55e0d417ffe5e426843283dd501f30447aa8512fbba0ff2b3cc9325a16b696fb","16988889","1680775547","2023-04-06 10:05:47","0xb287eac48ab21c5fb1d3723830d60b4c797555b0","0x6e5fada17f771d4cbe790ecea1367c42b311b3ca","","0.0133","0","21.67368","0.000614297461029","1.00105914249286","1873.09","","","Transfer"
"0x1d77b1e68eba8b06a0d3c61b91db292b084256093dfb2621edeb6e969882bc0c","16988894","1680775619","2023-04-06 10:06:59","0x6e5fada17f771d4cbe790ecea1367c42b311b3ca","0x166198f2662bd43fedee17304127a64008a89366","","0","0.01286","20.956656","0.0005603920497","0.91321488419112","1873.09","","","Transfer"
"0x88c52a6bd69a594342faf9e95a0e50cea78782b8084d3376bf56d19a08d4d189","16994672","1680846659","2023-04-07 05:50:59","0xd108fd0e8c8e71552a167e7a44ff1d345d233ba6","0x6e5fada17f771d4cbe790ecea1367c42b311b3ca","","0.0294","0","47.91024","0.000479408539596","0.781244156125642","1864.80","","","Transfer"
"0x6472e60f75ce2f400b9fa3dfd455e0fc50d8782d32ee755c7435362b1af55d04","16994681","1680846779","2023-04-07 05:52:59","0x6e5fada17f771d4cbe790ecea1367c42b311b3ca","0x48f0fd0ee96e95c8ea0344c38f2604b00ff78247","","0","0.00963","15.693048","0.000402017642187","0.655127949707935","1864.80","","","Transfer"
"0xbbd350181766b466498d9d583f918f3be6fc68d70d895f86487508bd8a8a8c9f","16994684","1680846815","2023-04-07 05:53:35","0x6e5fada17f771d4cbe790ecea1367c42b311b3ca","0x3b2a6504c4d31779b3aeb534e3f0671d16342c06","","0","0.00882","14.373072","0.000455315711256","0.741982483062777","1864.80","","","Transfer"
"0xbc9e6564db284e5dbe74b6115b03595a6599d723c4aa27b84c0d20299d2b6335","16994687","1680846851","2023-04-07 05:54:11","0x6e5fada17f771d4cbe790ecea1367c42b311b3ca","0x240f0c4745e69a35f883bb597a286871fb3a41c9","","0","0.00936","15.253056","0.000510835856643","0.832458111985433","1864.80","","","Transfer"
"0x8a8efb40cb8d70c0844c25bcca848fdab6608ba6f0c47a8002d279d9b9681b3c","16994739","1680847475","2023-04-07 06:04:35","0xd108fd0e8c8e71552a167e7a44ff1d345d233ba6","0x6e5fada17f771d4cbe790ecea1367c42b311b3ca","","0.0165","0","26.8884","0.000523488241164","0.853076437800854","1864.80","","","Transfer"
"0xf83945dc4a1626e9ca77d32b70d5a8db065ae68142418a822f755075b46ef8cd","16994744","1680847535","2023-04-07 06:05:35","0x6e5fada17f771d4cbe790ecea1367c42b311b3ca","0xb6cd3772b30cef7c13f2a82ab9b9a735329ce858","","0","0.01631","26.578776","0.000466159256136","0.759653123799226","1864.80","","","Transfer"
"0x44255b8abf5377321160a8062293c77275916666b623a69a41b4a5e76404f321","16995018","1680850871","2023-04-07 07:01:11","0xb287eac48ab21c5fb1d3723830d60b4c797555b0","0x6e5fada17f771d4cbe790ecea1367c42b311b3ca","","0.0279","0","45.46584","0.000602537607798","0.981895285667621","1864.80","","","Transfer"
"0xfa20a62d2e8c6992e83c2f40caf00f238ac64d3f84407ff4633c1be540e7c999","16995021","1680850907","2023-04-07 07:01:47","0x6e5fada17f771d4cbe790ecea1367c42b311b3ca","0x0b39af1baf8fe97fa14d388a411df98dda1d5958","","0","0.00803","13.085688","0.000523941086529","0.853814394607658","1864.80","","","Transfer"
"0x3e1d059567a766199842e2e118026676fa7afd2f987114838edb0a6d509b3c5d","16995023","1680850931","2023-04-07 07:02:11","0x6e5fada17f771d4cbe790ecea1367c42b311b3ca","0x240f0c4745e69a35f883bb597a286871fb3a41c9","","0","0.01875","30.555","0.000539535293241","0.879226713865534","1864.80","","","Transfer"
"0xd8753cb41edd58a8a18165facdac521e5f3f9ba4e2aeba6753c563132dbb2e8e","16995693","1680859199","2023-04-07 09:19:59","0xc94ebb328ac25b95db0e0aa968371885fa516215","0x6e5fada17f771d4cbe790ecea1367c42b311b3ca","","0.080457306202746586","0","131.113226187996","0.000426909477645","0.695691684770292","1864.80","","","Transfer"
"0xccd28a0eeef80f5c0b001b7a9ff785b8400b753db46ae54d642cc576dd2f98cd","16995782","1680860291","2023-04-07 09:38:11","0x6e5fada17f771d4cbe790ecea1367c42b311b3ca","0x3b2a6504c4d31779b3aeb534e3f0671d16342c06","","0","0.0798246016186012","130.082170797672","0.000485366581896","0.790953381857722","1864.80","","","Transfer"
"0x332a7c8078d901e4b066fc33b33dde8699b8438a09db932dea138ef6eaf3f93a","16996046","1680863555","2023-04-07 10:32:35","0xb287eac48ab21c5fb1d3723830d60b4c797555b0","0x6e5fada17f771d4cbe790ecea1367c42b311b3ca","","0.012","0","19.5552","0.000467110025571","0.761202497670502","1864.80","","","Transfer"
"0xa2096099fcbecdf67a81a60921cf55731e63a621fc342f93420b2b2efecdbc70","16996049","1680863591","2023-04-07 10:33:11","0x6e5fada17f771d4cbe790ecea1367c42b311b3ca","0x968b8e9c5ea7a67b0d02acb74c34e4ccd8d4797f","","0","0.01157","18.854472","0.000422488943142","0.688487981744203","1864.80","","","Transfer"
"0xbd3b3835ca5721dfa1f3eb0cbaf964ed73e71fdbea791c4c42aac3f5c664f1dd","17030987","1681291079","2023-04-12 09:17:59","0xb287eac48ab21c5fb1d3723830d60b4c797555b0","0x6e5fada17f771d4cbe790ecea1367c42b311b3ca","","0.0176","0","28.68096","0.000455121671949","0.74166627660809","1918.78","","","Transfer"
"0x5955e7eab5fe45de7eb522269a7449ef7f8e14ae9629db150787f52661013670","17031001","1681291247","2023-04-12 09:20:47","0x6e5fada17f771d4cbe790ecea1367c42b311b3ca","0x166198f2662bd43fedee17304127a64008a89366","","0","0.01739","28.338744","0.000441520472883","0.719501762610137","1918.78","","","Transfer"
"0xcfef62e2eb33715ecaf120f50985d8bdfc58dc95224eaad7e104c9549d36c5db","17036232","1681357619","2023-04-13 03:46:59","0xd108fd0e8c8e71552a167e7a44ff1d345d233ba6","0x6e5fada17f771d4cbe790ecea1367c42b311b3ca","","0.0226","0","36.82896","0.000579106611426","0.94371213397981","2013.84","","","Transfer"
"0xf0c7a2fad7b40cb6da49d8da95e404428cc44c4f753cb1d08c237346ac3992b5","17036281","1681358279","2023-04-13 03:57:59","0x6e5fada17f771d4cbe790ecea1367c42b311b3ca","0x3b2a6504c4d31779b3aeb534e3f0671d16342c06","","0","0.01097","17.876712","0.000534369873324","0.87080914556879","2013.84","","","Transfer"
"0xc66222269b9a5addf5e4411da8e2c6f03f52cbf713e444325f1e7179d058025c","17036283","1681358315","2023-04-13 03:58:35","0x6e5fada17f771d4cbe790ecea1367c42b311b3ca","0x968b8e9c5ea7a67b0d02acb74c34e4ccd8d4797f","","0","0.01045","17.02932","0.000584823478071","0.953028339864502","2013.84","","","Transfer"
"0x47d39cc4e1c6564989bca6b46f9274e2c3760637520351fb6e6aa46c5778aafa","17036744","1681364699","2023-04-13 05:44:59","0xd108fd0e8c8e71552a167e7a44ff1d345d233ba6","0x6e5fada17f771d4cbe790ecea1367c42b311b3ca","","0.0116","0","18.90336","0.000501148088238","0.816670924592645","2013.84","","","Transfer"
"0x33c090a6da42ca4dedfe76b43c168bea806f2b344480d7552f274c5e7c44f4c2","17036749","1681364771","2023-04-13 05:46:11","0x6e5fada17f771d4cbe790ecea1367c42b311b3ca","0x26020bcb3a593cae22fd571f6176d48b6da89a32","","0","0.01095","17.84412","0.000493111782072","0.803574960064531","2013.84","","","Transfer"
"0xb443b45683c3c5bee8477c99c6249dfb0114a905b9195811ca9e173e014ebc7b","17037421","1681373831","2023-04-13 08:17:11","0xb287eac48ab21c5fb1d3723830d60b4c797555b0","0x6e5fada17f771d4cbe790ecea1367c42b311b3ca","","0.0135","0","21.9996","0.000584875047141","0.953112376820973","2013.84","","","Transfer"
"0x1db97de8678ecac00d8b33f3f5e804fbe3537c1e161e46c0f7667e1c8cd7981a","17037427","1681373903","2023-04-13 08:18:23","0x6e5fada17f771d4cbe790ecea1367c42b311b3ca","0xcb851ef9753465f5759686a9a8d699fca7bb0c14","","0","0.00572","9.321312","0.000540111884235","0.880166326549356","2013.84","","","Transfer"
"0x7a5f16e027ac0c98da9168556e99f77f39261f151c8ff440754f0c3e9fe1a37a","17037430","1681373939","2023-04-13 08:18:59","0x6e5fada17f771d4cbe790ecea1367c42b311b3ca","0x3b2a6504c4d31779b3aeb534e3f0671d16342c06","","0","0.00676","11.016096","0.000580683317235","0.946281533766156","2013.84","","","Transfer"
"0x9fd08621c6f9669e4bb5a0d8d2c0a29b37f0a1c7f8277c9754189c50af215bcb","17044411","1681462919","2023-04-14 09:01:59","0xd108fd0e8c8e71552a167e7a44ff1d345d233ba6","0x6e5fada17f771d4cbe790ecea1367c42b311b3ca","","0.0177","0","28.84392","0.000570318747369","0.929391430712522","2101.61","","","Transfer"
"0xf8c3fb8f8f8092e339300f2165972bca11d6b869d61365a86244b6ccd7647b0b","17044421","1681463039","2023-04-14 09:03:59","0x6e5fada17f771d4cbe790ecea1367c42b311b3ca","0x166198f2662bd43fedee17304127a64008a89366","","0","0.01706","27.800976","0.000503397583416","0.820336701934714","2101.61","","","Transfer"
"0x29341baed727548180026f8af87a1336475fd084cfc23e57d41f1d924f6b67ad","17045294","1681473815","2023-04-14 12:03:35","0xd108fd0e8c8e71552a167e7a44ff1d345d233ba6","0x6e5fada17f771d4cbe790ecea1367c42b311b3ca","","0.045","0","73.332","0.000599986450854","0.977737920311678","2101.61","","","Transfer"
"0x83cc26fc7b9bc422e47b05cd77102528233d676d7fd54be160d465751de46810","17045327","1681474235","2023-04-14 12:10:35","0x6e5fada17f771d4cbe790ecea1367c42b311b3ca","0x48f0fd0ee96e95c8ea0344c38f2604b00ff78247","","0","0.01654","26.953584","0.00059812336416","0.974701834235136","2101.61","","","Transfer"
"0x5c9761a5f520c54bf4513fbb9f562037d9bbe931247d327d99829a4488963ac7","17045331","1681474283","2023-04-14 12:11:23","0x6e5fada17f771d4cbe790ecea1367c42b311b3ca","0x240f0c4745e69a35f883bb597a286871fb3a41c9","","0","0.02736","44.585856","0.000545737280865","0.889333472897604","2101.61","","","Transfer"
"0x094c9a800e419c6e1b63dc260ec3ab32f5ee9017aee2aed944f9e01a76a13e74","17045736","1681479263","2023-04-14 13:34:23","0xd108fd0e8c8e71552a167e7a44ff1d345d233ba6","0x6e5fada17f771d4cbe790ecea1367c42b311b3ca","","0.0453","0","73.82088","0.000657790157136","1.07193484006883","2101.61","","","Transfer"
"0x0bbf7a1c5eb870192f67225b2c8fd636a31e1d9e37fc47f17457950cbf44f387","17045741","1681479323","2023-04-14 13:35:23","0xd108fd0e8c8e71552a167e7a44ff1d345d233ba6","0x6e5fada17f771d4cbe790ecea1367c42b311b3ca","","0.0187","0","30.47352","0.000601009950408","0.979405815184877","2101.61","","","Transfer"
"0x8e1706b4180fee76930f984f5865354495b292e4f22a62912c385d3cfa91f9aa","17045745","1681479371","2023-04-14 13:36:11","0x6e5fada17f771d4cbe790ecea1367c42b311b3ca","0x166198f2662bd43fedee17304127a64008a89366","","0","0.01714","27.931344","0.000570318839475","0.92939158080846","2101.61","","","Transfer"
"0x8325c66a9aac6ab02dc3a5926f2b53ccaae7f7f6845d5f09126d3c28f5886df5","17045747","1681479419","2023-04-14 13:36:59","0x6e5fada17f771d4cbe790ecea1367c42b311b3ca","0x240f0c4745e69a35f883bb597a286871fb3a41c9","","0","0.0457","74.47272","0.000620786960892","1.0116344314696","2101.61","","","Transfer"
"0x30f6a6d4fc27c43dfd21e88fd25878625f2e605e21fa129e09229f597f5f5d8c","17052216","1681559315","2023-04-15 11:48:35","0xb287eac48ab21c5fb1d3723830d60b4c797555b0","0x6e5fada17f771d4cbe790ecea1367c42b311b3ca","","0.0428","0","69.74688","0.000565495251405","0.921531061689588","2092.42","","","Transfer"
"0x2f341ecd5ed2fd185605eb2c10cd187562c446a90749e46b49c62caacb270124","17052221","1681559375","2023-04-15 11:49:35","0x6e5fada17f771d4cbe790ecea1367c42b311b3ca","0xcb851ef9753465f5759686a9a8d699fca7bb0c14","","0","0.01237","20.158152","0.0004941430515","0.8052555167244","2092.42","","","Transfer"
"0x7d61b945e63d8248ca0e9a801ad328cf8ccabaca1817df6a3a782907fa387e92","17052223","1681559399","2023-04-15 11:49:59","0x6e5fada17f771d4cbe790ecea1367c42b311b3ca","0x48f0fd0ee96e95c8ea0344c38f2604b00ff78247","","0","0.02951","48.089496","0.000476302831326","0.77618309392885","2092.42","","","Transfer"
"0x46b515ccf69e941a9cd3869564f16b58b47c69b7787cfa1ccb39a61a310750a3","17090506","1682028227","2023-04-20 22:03:47","0xb287eac48ab21c5fb1d3723830d60b4c797555b0","0x6e5fada17f771d4cbe790ecea1367c42b311b3ca","","0.0212","0","34.54752","0.001322866251903","2.15574284410113","1943.17","","","Transfer"
"0x3d36b95ec6019d245fa6d416bc5b878b9e54897b80222890bbad33f82e967673","17090516","1682028347","2023-04-20 22:05:47","0x6e5fada17f771d4cbe790ecea1367c42b311b3ca","0x48f0fd0ee96e95c8ea0344c38f2604b00ff78247","","0","0.01977","32.217192","0.001128275642466","1.83863798696259","1943.17","","","Transfer"
"0xf904a30f4a0e5e8490e8ff350b80f2147dbeba2d89543a7549e14e7749a0e7a6","17091471","1682039999","2023-04-21 01:19:59","0xd108fd0e8c8e71552a167e7a44ff1d345d233ba6","0x6e5fada17f771d4cbe790ecea1367c42b311b3ca","","0.0238","0","38.78448","0.000952465374693","1.55213757459971","1849.16","","","Transfer"
"0x839d7282342fb10be80a3984f4d176c25b21a43083ee4dccd450d50333820d9b","17091474","1682040047","2023-04-21 01:20:47","0x6e5fada17f771d4cbe790ecea1367c42b311b3ca","0x9eb62e5bdb54823dddde8736ef0bdcdc8f9ee28a","","0","0.02313","37.692648","0.000855888844482","1.39475646096787","1849.16","","","Transfer"
"0x90683e7bbff25fe5c0519ecd9ba839051e29c3bc03bb8864e07d7ff8691d43b9","17091551","1682040983","2023-04-21 01:36:23","0xb287eac48ab21c5fb1d3723830d60b4c797555b0","0x6e5fada17f771d4cbe790ecea1367c42b311b3ca","","0.0229","0","37.31784","0.000856927948212","1.39644978440628","1849.16","","","Transfer"
"0x46661970b9a8a8f447a0e8778519a6435dc90f5e9f818036ca7dee6d56ec5b23","17091554","1682041019","2023-04-21 01:36:59","0x6e5fada17f771d4cbe790ecea1367c42b311b3ca","0x968b8e9c5ea7a67b0d02acb74c34e4ccd8d4797f","","0","0.02212","36.046752","0.000785103826752","1.27940519607506","1849.16","","","Transfer"
"0x9398b23312b4ba0e47cd84045a0d7550cb529c38499f93aeef6aa138d79ba486","17091860","1682044751","2023-04-21 02:39:11","0xb287eac48ab21c5fb1d3723830d60b4c797555b0","0x6e5fada17f771d4cbe790ecea1367c42b311b3ca","","0.0165","0","26.8884","0.000925349130678","1.50794894335287","1849.16","","","Transfer"
"0xdcdbf96d6ecd0eac459fc64c11e5ce0513f994b6899f3a504c6e72e52b3375af","17091863","1682044787","2023-04-21 02:39:47","0x6e5fada17f771d4cbe790ecea1367c42b311b3ca","0x46bfe07b447feec83ae646528ddd4705da7d9e60","","0","0.01544","25.161024","0.000821458723533","1.33864913586938","1849.16","","","Transfer"
"0x80dffa7ecaf749c9a8092744d3ba76bdb8fab1d012fbece4d4e1420fa4f56a21","17092483","1682052335","2023-04-21 04:45:35","0xd108fd0e8c8e71552a167e7a44ff1d345d233ba6","0x6e5fada17f771d4cbe790ecea1367c42b311b3ca","","0.019","0","30.9624","0.000847255045077","1.38068682145748","1849.16","","","Transfer"
"0xbd6c8426161bab69b8732c91d72079b76c018c837b912d760203cb2ce74a0fc7","17092487","1682052383","2023-04-21 04:46:23","0x6e5fada17f771d4cbe790ecea1367c42b311b3ca","0x48f0fd0ee96e95c8ea0344c38f2604b00ff78247","","0","0.01852","30.180192","0.000778254001182","1.26824272032619","1849.16","","","Transfer"
"0xcdbdcc592baa729a5ca1b66cab4dfb08327f57c6ba66008431be3f91e629c86e","17093526","1682064995","2023-04-21 08:16:35","0xd108fd0e8c8e71552a167e7a44ff1d345d233ba6","0x6e5fada17f771d4cbe790ecea1367c42b311b3ca","","0.0111","0","18.08856","0.00086866844631","1.41558210010678","1849.16","","","Transfer"
"0xf3b23d76a47e417913db68eb79a85233a5581a6edd8eb1813837c6ceaa61d905","17093530","1682065043","2023-04-21 08:17:23","0x6e5fada17f771d4cbe790ecea1367c42b311b3ca","0x0b39af1baf8fe97fa14d388a411df98dda1d5958","","0","0.00986","16.067856","0.000788732264565","1.28531809833512","1849.16","","","Transfer"
"0x83d632de08346656674a837641523e7250b441610cbd1b0c5480751c5705f0d0","17093937","1682069987","2023-04-21 09:39:47","0xb287eac48ab21c5fb1d3723830d60b4c797555b0","0x6e5fada17f771d4cbe790ecea1367c42b311b3ca","","0.0117","0","19.06632","0.000815174166723","1.3284078220918","1849.16","","","Transfer"
"0x85b8c33d09529c127e0dfe79a7ae9b997b10bb32d4199b58860804be6c37ebd4","17093943","1682070059","2023-04-21 09:40:59","0x6e5fada17f771d4cbe790ecea1367c42b311b3ca","0x968b8e9c5ea7a67b0d02acb74c34e4ccd8d4797f","","0","0.01145","18.65892","0.000843606023421","1.37474037576686","1849.16","","","Transfer"
"0x9ff41de26b0bbc39504f91d3b9411c241d1e58ee41e042be21bda4180c08ae98","17149376","1682742479","2023-04-29 04:27:59","0xd108fd0e8c8e71552a167e7a44ff1d345d233ba6","0x6e5fada17f771d4cbe790ecea1367c42b311b3ca","","0.0195","0","31.7772","0.000813558258555","1.32577453814123","1909.22","","","Transfer"
"0x853c441d32e5e157e92cfe25888ec10cd71f55d2b4f6137917216d3468828d1d","17149390","1682742647","2023-04-29 04:30:47","0x6e5fada17f771d4cbe790ecea1367c42b311b3ca","0xcb851ef9753465f5759686a9a8d699fca7bb0c14","","0","0.01864","30.375744","0.00067963938987","1.10754034973215","1909.22","","","Transfer"
"0xcf53470bff6a38e92be3d9fa007c964c9e231cd99a252785d302974e23e2aff1","17249563","1683962711","2023-05-13 07:25:11","0xd108fd0e8c8e71552a167e7a44ff1d345d233ba6","0x6e5fada17f771d4cbe790ecea1367c42b311b3ca","","0.012","0","19.5552","0.000984707036187","1.60467858617034","1796.24","","","Transfer"
"0x1d6b76c576a2fc02414ada4b46157c9ca7b64e43638dd3e3e06ba3fcdca78a2b","17249570","1683962795","2023-05-13 07:26:35","0x6e5fada17f771d4cbe790ecea1367c42b311b3ca","0x166198f2662bd43fedee17304127a64008a89366","","0","0.01055","17.19228","0.000802458623694","1.30768657317174","1796.24","","","Transfer"
"0xd844d7d0a2cd3d232518fc6ed047fbcf8c1015b1e4533066186cf24ff559e281","17262579","1684121963","2023-05-15 03:39:23","0xb287eac48ab21c5fb1d3723830d60b4c797555b0","0x6e5fada17f771d4cbe790ecea1367c42b311b3ca","","0.0306","0","49.86576","0.000881672182377","1.43677298840156","1816.85","","","Transfer"
"0x520e07d8f46b115d1f685485e952e0601298d0b5866374cb116506152b66a491","17262595","1684122155","2023-05-15 03:42:35","0x6e5fada17f771d4cbe790ecea1367c42b311b3ca","0x0b39af1baf8fe97fa14d388a411df98dda1d5958","","0","0.0301","49.05096","0.000793173401937","1.29255537579654","1816.85","","","Transfer"
"0x13922a0c3482028b424afb42244d7c0d4e27bc5a79d56a393ca817bf8b9a71d8","17263213","1684129691","2023-05-15 05:48:11","0xd108fd0e8c8e71552a167e7a44ff1d345d233ba6","0x6e5fada17f771d4cbe790ecea1367c42b311b3ca","","0.0219","0","35.68824","0.000793262137374","1.29269997906467","1816.85","","","Transfer"
"0x678bec2d75bd8eb11cff4f2e0a7e5cf6b15ac664bcbd2f6dc3650564585a6df2","17263216","1684129727","2023-05-15 05:48:47","0x6e5fada17f771d4cbe790ecea1367c42b311b3ca","0x6539ab208e1593057d140334c86d2abac86de10c","","0","0.01644","26.790624","0.000743433494097","1.21149922198047","1816.85","","","Transfer"
"0x5adc01ea86908ddabfefa11c57f210e6722596b9866da63c76d2a54f444e0a4b","17263484","1684133063","2023-05-15 06:44:23","0x6e5fada17f771d4cbe790ecea1367c42b311b3ca","0x6539ab208e1593057d140334c86d2abac86de10c","","0","0.0041","6.68136","0.000874813790088","1.4255965523274","1816.85","","","Transfer"
"0x56edf495b0562b5f734061de4c946ce664e3ca731dfa48e535c72a78e570aee7","17264261","1684142507","2023-05-15 09:21:47","0xc94ebb328ac25b95db0e0aa968371885fa516215","0x6e5fada17f771d4cbe790ecea1367c42b311b3ca","","0.042864722658389946","0","69.8523520441123","0.000900958065693","1.46820126385331","1816.85","","","Transfer"
"0x1241e3817f9646ab59188dcafe3caead2eaaa5132e1d7c76dc54907dae258c25","17264443","1684144727","2023-05-15 09:58:47","0x6e5fada17f771d4cbe790ecea1367c42b311b3ca","0xcb851ef9753465f5759686a9a8d699fca7bb0c14","","0","0.0180484683413463","29.4117840090579","0.000893007563826","1.45524512601085","1816.85","","","Transfer"
"0x1546ac6b1fb8ace7c515c954e30ccaca8e8286d995c12e79da6ffe81703b92fc","17264555","1684146071","2023-05-15 10:21:11","0x6e5fada17f771d4cbe790ecea1367c42b311b3ca","0xb6cd3772b30cef7c13f2a82ab9b9a735329ce858","","0","0.021890699736216","35.6730842901376","0.000840666525594","1.36995017010798","1816.85","","","Transfer"
"0x28666f856dbb90ef15ba244f9cb79b64d2639de8956b941c0ed714eb9195dc39","17264643","1684147139","2023-05-15 10:38:59","0x6e5fada17f771d4cbe790ecea1367c42b311b3ca","0xb6cd3772b30cef7c13f2a82ab9b9a735329ce858","","0","0.00044","0.717024","0.000873442031196","1.423361134037","1816.85","","","Transfer"
"0x40825a91a655932fa4ecd4d65adc2d26377e6ad0dccd4c9f5dd341aa0819ee1d","17276584","1684292723","2023-05-17 03:05:23","0xd108fd0e8c8e71552a167e7a44ff1d345d233ba6","0x6e5fada17f771d4cbe790ecea1367c42b311b3ca","","0.0182","0","29.65872","0.000814311956157","1.32700276375345","1822.22","","","Transfer"
"0xc17751990b95813569296ba0c62f16a1e8f4274b7450c600c5186a08e960e9b7","17276599","1684292903","2023-05-17 03:08:23","0x6e5fada17f771d4cbe790ecea1367c42b311b3ca","0x166198f2662bd43fedee17304127a64008a89366","","0","0.01726","28.126896","0.00082126734648","1.33833726782381","1822.22","","","Transfer"
"0x3dbe1b5bd2aca6eb16402f07b8073ff14b221c4ab3ed56a00f02ea1ebb6e9ba6","17334865","1685001935","2023-05-25 08:05:35","0xb287eac48ab21c5fb1d3723830d60b4c797555b0","0x6e5fada17f771d4cbe790ecea1367c42b311b3ca","","0.0238","0","38.78448","0.000677140571625","1.1034682755201","1806.11","","","Transfer"
"0xbe3d2d1c2154dd9fba4514cf170137b35fb26752157dcea33b68543d776435cf","17334874","1685002043","2023-05-25 08:07:23","0x6e5fada17f771d4cbe790ecea1367c42b311b3ca","0x48f0fd0ee96e95c8ea0344c38f2604b00ff78247","","0","0.01065","17.35524","0.000639941710065","1.04284901072192","1806.11","","","Transfer"
"0xc553f6b9f3ecc8594c0761306b998fbcc8789d2278293c2b51c804d4db42dbd0","17334877","1685002079","2023-05-25 08:07:59","0x6e5fada17f771d4cbe790ecea1367c42b311b3ca","0x11c5b33fee7895ca129460141eb7725aa993031e","","0","0.01177","19.180392","0.000641183267277","1.0448722523546","1806.11","","","Transfer"
"0x1673e0f2dd4e235d26afcca2db4dc5be97cdd41c0f608067126d793847a5cbbd","17354748","1685243315","2023-05-28 03:08:35","0xb287eac48ab21c5fb1d3723830d60b4c797555b0","0x6e5fada17f771d4cbe790ecea1367c42b311b3ca","","0.013","0","21.1848","0.0005116649664","0.83380922924544","1909.21","","","Transfer"
"0x4c25b8a9193036b9e6fb33a74ba4ca0255c9f5e82dbff2830f9931551bbcb54c","17354753","1685243375","2023-05-28 03:09:35","0x6e5fada17f771d4cbe790ecea1367c42b311b3ca","0x166198f2662bd43fedee17304127a64008a89366","","0","0.01245","20.28852","0.000442357196106","0.720865286774337","1909.21","","","Transfer"
"0x9a818f631e554a2a7461a229e107e6433d3e49d3477a87b9cab1bd9151cd64d5","17540968","1687507487","2023-06-23 08:04:47","0xb287eac48ab21c5fb1d3723830d60b4c797555b0","0x6e5fada17f771d4cbe790ecea1367c42b311b3ca","","0.0202","0","32.91792","0.000339385106214","0.553061969086334","1893.48","","","Transfer"
"0xa960e61044ed6c6b112d17aed6e69e14c1d2a00e1be3e232b844b2dd3381c2ee","17540988","1687507739","2023-06-23 08:08:59","0x6e5fada17f771d4cbe790ecea1367c42b311b3ca","0x166198f2662bd43fedee17304127a64008a89366","","0","0.020522751974641337","33.4438766178755","0.000292390191198","0.476479055576261","1893.48","","","Transfer"
"0x8e1ad85949fd02a8f157e22124af934f26fcacac87dbf2ffa5e648f0d06c06ac","17732294","1689830879","2023-07-20 05:27:59","0xb287eac48ab21c5fb1d3723830d60b4c797555b0","0x6e5fada17f771d4cbe790ecea1367c42b311b3ca","","0.0164","0","26.72544","0.000401015208321","0.653494383479902","1891.68","","","Transfer"
"0xdc4516c104ae3742c3138d5d2e44e873d0038fea8e0b2c3cef914f532469b94f","17732299","1689830939","2023-07-20 05:28:59","0x6e5fada17f771d4cbe790ecea1367c42b311b3ca","0xb06f072bd63fda77d3a5e77c22c965e0482e20f3","","0","0.016043640912419","26.144717230878","0.00033000001734","0.537768028257264","1891.68","","","Transfer"
"0x2259d7a679c3b36fe1d61dbf2cc14b092c4e55b4e5bb52c45b61103ebf9ae079","17733081","1689840407","2023-07-20 08:06:47","0xd108fd0e8c8e71552a167e7a44ff1d345d233ba6","0x6e5fada17f771d4cbe790ecea1367c42b311b3ca","","0.0171","0","27.86616","0.000514284071133","0.838077322318337","1891.68","","","Transfer"
"0x2ae02b0f80c669b8246a06403c7dbc6735ced17e9d005289302570d49a82233c","17733096","1689840587","2023-07-20 08:09:47","0x6e5fada17f771d4cbe790ecea1367c42b311b3ca","0x166198f2662bd43fedee17304127a64008a89366","","0","0.016700634734127","27.2153543627334","0.000381600979536","0.621856956251866","1891.68","","","Transfer"
"0x206612a8a480e1a4fb426b64f898a05cf5a3f3ea51f0bb7dfe962b78be25d870","17733189","1689841703","2023-07-20 08:28:23","0xb287eac48ab21c5fb1d3723830d60b4c797555b0","0x6e5fada17f771d4cbe790ecea1367c42b311b3ca","","0.0172","0","28.02912","0.000431117815716","0.702549592490794","1891.68","","","Transfer"
"0xba24a987897607542c33b47466dbc5add2b3d8fbb81333fa1d161512ecffcb2b","17733196","1689841787","2023-07-20 08:29:47","0x6e5fada17f771d4cbe790ecea1367c42b311b3ca","0x166198f2662bd43fedee17304127a64008a89366","","0","0.016819758850537","27.4094790228351","0.000389371383828","0.634519607086109","1891.68","","","Transfer"
"0xc92de198f2a615db4b46ce8dcd5706acdbdc9e888ca6c91e31bbe53dd93f35c3","17733434","1689844643","2023-07-20 09:17:23","0xd108fd0e8c8e71552a167e7a44ff1d345d233ba6","0x6e5fada17f771d4cbe790ecea1367c42b311b3ca","","0.0121","0","19.71816","0.000428218704102","0.697825200204619","1891.68","","","Transfer"
"0x048821aae859772f02c7fd34a1dc46b7075fdf5a389002fb4e6c5100994116f6","17733438","1689844691","2023-07-20 09:18:11","0x6e5fada17f771d4cbe790ecea1367c42b311b3ca","0x166198f2662bd43fedee17304127a64008a89366","","0","0.011725504050424","19.1078814005709","0.000353719815246","0.576421810924882","1891.68","","","Transfer"
"0xa63f4c1445225a70d2d5dac5260356f59b7b566d2979e9564edcd8bbbb0e43fe","17733557","1689846119","2023-07-20 09:41:59","0xb287eac48ab21c5fb1d3723830d60b4c797555b0","0x6e5fada17f771d4cbe790ecea1367c42b311b3ca","","0.0146","0","23.79216","0.000554945615154","0.904339374454958","1891.68","","","Transfer"
"0x0b04e3e1573cd34648ff8cae3738756cdff57cd0dcd48fcd63683639a47c3ace","17733560","1689846155","2023-07-20 09:42:35","0x6e5fada17f771d4cbe790ecea1367c42b311b3ca","0x587cb087cf6fa76cca3c1775be928acb4c940d3e","","0","0.01407779987099","22.9411826697653","0.000546168980889","0.890036971256714","1891.68","","","Transfer"
"0x70822a03cdf7c61396e11fb4f1062cfe97ccf049fbdde34785503b554b85008f","17733713","1689848003","2023-07-20 10:13:23","0xd108fd0e8c8e71552a167e7a44ff1d345d233ba6","0x6e5fada17f771d4cbe790ecea1367c42b311b3ca","","0.0119","0","19.39224","0.000675000096435","1.09998015715048","1891.68","","","Transfer"
"0x0beb41a1e6a01bbd39a305c86802a3831db5b298ccce119199061534855251c7","17733716","1689848039","2023-07-20 10:13:59","0x6e5fada17f771d4cbe790ecea1367c42b311b3ca","0x166198f2662bd43fedee17304127a64008a89366","","0","0.011148481040963","18.1675647043533","0.000646505216637","1.05354490103166","1891.68","","","Transfer"
"0x16ba98c98ac7a1215cf3fff0afe0821fd73da25d85946bca3002acc3fc5450f6","17733856","1689849731","2023-07-20 10:42:11","0xd108fd0e8c8e71552a167e7a44ff1d345d233ba6","0x6e5fada17f771d4cbe790ecea1367c42b311b3ca","","0.0121","0","19.71816","0.000424230178407","0.691325498732047","1891.68","","","Transfer"
"0x12c43315358b16ccbc5500884e58de933e7d2806f83f5f7c69e3387d40235456","17733859","1689849767","2023-07-20 10:42:47","0x6e5fada17f771d4cbe790ecea1367c42b311b3ca","0x0702db9b5ac380f9192aaff68779ae52e7528d68","","0","0.011811165943069","19.2474760208252","0.000358669921197","0.584488503582631","1891.68","","","Transfer"
"0xa647b41f26b24d9167b0ba33f5c0c4c284f4be6f720a29eae936a5be82b3157d","17734020","1689851711","2023-07-20 11:15:11","0xb287eac48ab21c5fb1d3723830d60b4c797555b0","0x6e5fada17f771d4cbe790ecea1367c42b311b3ca","","0.0116","0","18.90336","0.000380401009947","0.619901485809631","1891.68","","","Transfer"
"0xd2acc52d4a695b1a2ce68bed832f67136b2c1de64b02a036d429c7b38f158214","17734026","1689851783","2023-07-20 11:16:23","0x6e5fada17f771d4cbe790ecea1367c42b311b3ca","0x240f0c4745e69a35f883bb597a286871fb3a41c9","","0","0.011285933983568","18.3915580196224","0.000340135847016","0.554285376297274","1891.68","","","Transfer"
"0x5c1a327adb0b5e612f5399c8c166c5fb715192a8c70e39d1b7b167ff69f82c63","17734056","1689852155","2023-07-20 11:22:35","0xd108fd0e8c8e71552a167e7a44ff1d345d233ba6","0x6e5fada17f771d4cbe790ecea1367c42b311b3ca","","0.0121","0","19.71816","0.000404227651884","0.658729381510166","1891.68","","","Transfer"
"0xf6a1bac328796e31e15594f5e782c850ee4bf2eca205829ebe5151bcc02059a1","17734065","1689852263","2023-07-20 11:24:23","0x6e5fada17f771d4cbe790ecea1367c42b311b3ca","0x240f0c4745e69a35f883bb597a286871fb3a41c9","","0","0.011743383726448","19.1370181206197","0.000351262362423","0.572417145804521","1891.68","","","Transfer"
"0xdd6149af71c9337cf3d6640c781ad7803813467f54018d34f0503ee60c31e9d7","17737998","1689899879","2023-07-21 00:37:59","0xd108fd0e8c8e71552a167e7a44ff1d345d233ba6","0x6e5fada17f771d4cbe790ecea1367c42b311b3ca","","0.0215","0","35.0364","0.000447561076977","0.729345531041719","1891.91","","","Transfer"
"0xb55a6f74d65a698667e4453eebf8ac8fd30f9cc3066ca3634ff14dbb1918f5c8","17738047","1689900467","2023-07-21 00:47:47","0x6e5fada17f771d4cbe790ecea1367c42b311b3ca","0x166198f2662bd43fedee17304127a64008a89366","","0","0.02109559607546","34.3773833645696","0.00040488028056","0.659792905200576","1891.91","","","Transfer"
"0xef4fa0d203b5cce8a85e54fd48a27bcf209a6a6cb0d40e062a1fc23af134f001","17738380","1689904499","2023-07-21 01:54:59","0xb287eac48ab21c5fb1d3723830d60b4c797555b0","0x6e5fada17f771d4cbe790ecea1367c42b311b3ca","","0.0174","0","28.35504","0.000472774185051","0.77043281195911","1891.91","","","Transfer"
"0x116f24052b0cfceb0bc34194b7840869d2eab3dcfa13f2ee80a39dd1c31db91d","17738383","1689904535","2023-07-21 01:55:35","0x6e5fada17f771d4cbe790ecea1367c42b311b3ca","0x6539ab208e1593057d140334c86d2abac86de10c","","0","0.016970243052408","27.6547080782041","0.000422901045966","0.689159544506194","1891.91","","","Transfer"
"0xd4d0a10e4c7a67ace0126e7bf9287202ba0e823df97776ca3a8e674d943d815c","17738565","1689906731","2023-07-21 02:32:11","0xd108fd0e8c8e71552a167e7a44ff1d345d233ba6","0x6e5fada17f771d4cbe790ecea1367c42b311b3ca","","0.0127","0","20.69592","0.000496463817276","0.809037436632969","1891.91","","","Transfer"
"0x7fd9d40274e16782c074e0dddf2a586438dad5e3bcdeffc7705ea44592b5eac5","17738567","1689906755","2023-07-21 02:32:35","0x6e5fada17f771d4cbe790ecea1367c42b311b3ca","0xb06f072bd63fda77d3a5e77c22c965e0482e20f3","","0","0.012254781631447","19.970392146606","0.000457661995686","0.745805988169906","1891.91","","","Transfer"
"0x8eb74286caf9698ad033aeac0fd94091ceef7633b02be153abc4de5334c7d28b","17738941","1689911315","2023-07-21 03:48:35","0xb287eac48ab21c5fb1d3723830d60b4c797555b0","0x6e5fada17f771d4cbe790ecea1367c42b311b3ca","","0.0189","0","30.79944","0.000405806143281","0.661301691090718","1891.91","","","Transfer"
"0xa693ddb2293cabfdc749148ebf91714d8d3ec5455bde931fa5000c454f3747ad","17738953","1689911459","2023-07-21 03:50:59","0x6e5fada17f771d4cbe790ecea1367c42b311b3ca","0xc091d78b2adfe68a0f5dc773eabab445e2bdecbe","","0","0.018546531687768","30.2234280383867","0.000344984119893","0.562186121777633","1891.91","","","Transfer"
"0x21d87e2f57f25649eb449a072e932744c0a433e7ea9061f7e08c66f3adf4e814","17739832","1689922127","2023-07-21 06:48:47","0xd108fd0e8c8e71552a167e7a44ff1d345d233ba6","0x6e5fada17f771d4cbe790ecea1367c42b311b3ca","","0.0148","0","24.11808","0.000403290807045","0.657202699160532","1891.91","","","Transfer"
"0x303e3346a5e8b42367dd5948d3911c8c01b55e2ab998a82ba095750044e54cc2","17739839","1689922211","2023-07-21 06:50:11","0x6e5fada17f771d4cbe790ecea1367c42b311b3ca","0xc091d78b2adfe68a0f5dc773eabab445e2bdecbe","","0","0.014485963655938","23.6063263737166","0.000375378421677","0.611716675964839","1891.91","","","Transfer"
"0x83eed773e97dd94d3da4b6b49245a0d4974aaf90fed9c1261e4151e2ec38d8eb","17753580","1690088279","2023-07-23 04:57:59","0xb287eac48ab21c5fb1d3723830d60b4c797555b0","0x6e5fada17f771d4cbe790ecea1367c42b311b3ca","","0.0196","0","31.94016","0.000339799866567","0.553737862557583","1888.70","","","Transfer"
"0xb81bb4e1be7a5b58474a234e4cf2e8736e3f38dbc1f7178a38a36b43bba5a96d","17753585","1690088339","2023-07-23 04:58:59","0x6e5fada17f771d4cbe790ecea1367c42b311b3ca","0x3b2a6504c4d31779b3aeb534e3f0671d16342c06","","0","0.019249498607878","31.368982931398","0.000337390494819","0.549811550357042","1888.70","","","Transfer"
"0x32fb3ba320c2c3fb7bc6d3b71c70a06f3b66e0ca59dacdaebf3d0ffc29a4a2b2","17755079","1690106375","2023-07-23 09:59:35","0xb287eac48ab21c5fb1d3723830d60b4c797555b0","0x6e5fada17f771d4cbe790ecea1367c42b311b3ca","","0.0238","0","38.78448","0.00034107856314","0.555821626492944","1888.70","","","Transfer"
"0x964195c9c295a4e5df382364cc601abebb85243759df01a196b25f7973a600e1","17755083","1690106423","2023-07-23 10:00:23","0x6e5fada17f771d4cbe790ecea1367c42b311b3ca","0x3b2a6504c4d31779b3aeb534e3f0671d16342c06","","0","0.023513130228511","38.3169970203815","0.000296664460071","0.483444404131702","1888.70","","","Transfer"
"0xe64a719f1c09d07438ecc5f60807bb27fb39290b64785dc9087a36afe6dcd0bb","17755794","1690115039","2023-07-23 12:23:59","0xb287eac48ab21c5fb1d3723830d60b4c797555b0","0x6e5fada17f771d4cbe790ecea1367c42b311b3ca","","0.0151","0","24.60696","0.000360082171869","0.586789907277722","1888.70","","","Transfer"
"0xc4f6c3c2b072b19deaba39ae4d8b27fdb18ea440145b76f3f04e7a9fa6a45697","17755797","1690115075","2023-07-23 12:24:35","0x6e5fada17f771d4cbe790ecea1367c42b311b3ca","0x166198f2662bd43fedee17304127a64008a89366","","0","0.014769487518127","24.0683568595398","0.000301631972859","0.491539462971026","1888.70","","","Transfer"
"0x855ee902151d37b26103fe21704f6309fc368630db3d095acacc3cc524a2f92f","17768170","1690264607","2023-07-25 05:56:47","0xd108fd0e8c8e71552a167e7a44ff1d345d233ba6","0x6e5fada17f771d4cbe790ecea1367c42b311b3ca","","0.0147","0","23.95512","0.000412882184526","0.67283280790357","1857.52","","","Transfer"
"0x611a5877dde86db71038a3a64eeb9e9c13b10fd0513e5154e62033740b991c31","17768197","1690264943","2023-07-25 06:02:23","0x6e5fada17f771d4cbe790ecea1367c42b311b3ca","0xb6cd3772b30cef7c13f2a82ab9b9a735329ce858","","0","0.0135","21.9996","0.000415834486641","0.677643879430174","1857.52","","","Transfer"
"0xb96dc300c22610ebba83b28053f23ba4d4626ebe31f1e67923114e24ee810cd6","17776537","1690365875","2023-07-26 10:04:35","0xb287eac48ab21c5fb1d3723830d60b4c797555b0","0x6e5fada17f771d4cbe790ecea1367c42b311b3ca","","0.0334","0","54.42864","0.000435129876258","0.709087646350037","1871.94","","","Transfer"
"0xe17cefbd5ed46f02807f06d36eb5f17f93de40a9dda1c2355fc932e5edd20149","17776543","1690365947","2023-07-26 10:05:47","0x6e5fada17f771d4cbe790ecea1367c42b311b3ca","0x166198f2662bd43fedee17304127a64008a89366","","0","0.01351","22.015896","0.000373260428163","0.608265193734425","1871.94","","","Transfer"
"0xf6b9eafd0b9a281f87828f3db95f787eceaa74794489f2a4d519f6a2af59c26d","17776551","1690366043","2023-07-26 10:07:23","0x6e5fada17f771d4cbe790ecea1367c42b311b3ca","0x587cb087cf6fa76cca3c1775be928acb4c940d3e","","0","0.01891","30.815736","0.000352676400993","0.574721463058193","1871.94","","","Transfer"
"0x335839b255d41defc28ff0764c88168e443e52da9ded061502a41884f5542ba5","17776654","1690367279","2023-07-26 10:27:59","0xcbd6832ebc203e49e2b771897067fce3c58575ac","0x6e5fada17f771d4cbe790ecea1367c42b311b3ca","","0.0533094","0","86.87299824","0.000453308133852","0.738710934925219","1871.94","","","Transfer"
"0xfd8756f7694ae7910fa8eb10c8049a7fb96361a10571da0c37cc8c16bd9b14ac","17777135","1690373087","2023-07-26 12:04:47","0x6e5fada17f771d4cbe790ecea1367c42b311b3ca","0x968b8e9c5ea7a67b0d02acb74c34e4ccd8d4797f","","0","0.010807042949890443","17.6111571911415","0.000606999527295","0.989166429679932","1871.94","","","Transfer"
"0x96d80d2263db96cb4ea1d52bfad3b63fa1f4d3999acb355a7bfcddf23164fb0f","17781109","1690421039","2023-07-27 01:23:59","0x6e5fada17f771d4cbe790ecea1367c42b311b3ca","0x9a098e8c0ec2d9ae4456384004e60f2097a44e64","","0","0.042395993816199557","69.0885115228788","0.000508903662687","0.829309408714735","1860.95","","","Transfer"
"0x48c6259b7dea027edc71c7290e582d0f5ad8be6461844e7d634a0a1612e69742","17782339","1690435943","2023-07-27 05:32:23","0xd108fd0e8c8e71552a167e7a44ff1d345d233ba6","0x6e5fada17f771d4cbe790ecea1367c42b311b3ca","","0.0119","0","19.39224","0.000421542909039","0.686946324569954","1860.95","","","Transfer"
"0xcf3ee9826a03ffa33f7d65436bc56a840b743bb45ad70e715c2a387f8afcf85f","17782342","1690435979","2023-07-27 05:32:59","0x6e5fada17f771d4cbe790ecea1367c42b311b3ca","0xb06f072bd63fda77d3a5e77c22c965e0482e20f3","","0","0.011523333849713","18.7784248414923","0.000368089897329","0.599839296687338","1860.95","","","Transfer"
"0x67987ede00f88cdff86fdd3bdeebfd7895488f0527cec682bea9d97f66d953b4","17796512","1690607291","2023-07-29 05:08:11","0xd108fd0e8c8e71552a167e7a44ff1d345d233ba6","0x6e5fada17f771d4cbe790ecea1367c42b311b3ca","","0.0381","0","62.08776","0.00037926436338","0.618049206564048","1880.94","","","Transfer"
"0x54b19303892ff434d06549c09c85318ef41a22e2b46e1fefc75f1373b07f5293","17796515","1690607327","2023-07-29 05:08:47","0x6e5fada17f771d4cbe790ecea1367c42b311b3ca","0xb06f072bd63fda77d3a5e77c22c965e0482e20f3","","0","0.01332","21.706272","0.000313849068876","0.51144844264033","1880.94","","","Transfer"
"0xaf12c7b3457eeda815c2e0ee15d04c7241f6a712bf9964865ba44bf71c7d52d9","17796517","1690607351","2023-07-29 05:09:11","0x6e5fada17f771d4cbe790ecea1367c42b311b3ca","0x587cb087cf6fa76cca3c1775be928acb4c940d3e","","0","0.024173506445508","39.3931461035998","0.000316478824263","0.515733892018985","1880.94","","","Transfer"
"0x5c9c66629bc1090d0847d310e8328cf81d47ee574041d422f4a0170a3597fc16","17796688","1690609415","2023-07-29 05:43:35","0xd108fd0e8c8e71552a167e7a44ff1d345d233ba6","0x6e5fada17f771d4cbe790ecea1367c42b311b3ca","","0.0408","0","66.48768","0.000370032873651","0.60300557090167","1880.94","","","Transfer"
"0x65ebc882bb91389e573efd0a024109529d32ec6dd244219aa48324829d849132","17796705","1690609619","2023-07-29 05:46:59","0x6e5fada17f771d4cbe790ecea1367c42b311b3ca","0x9eb62e5bdb54823dddde8736ef0bdcdc8f9ee28a","","0","0.040511082260379","66.0168596515136","0.000349324652061","0.569259452998606","1880.94","","","Transfer"
"0xf81eb41fc5b7a8c2025de7c22895d684b069e79d82878a87d0013bb1dfb91f65","17796865","1690611563","2023-07-29 06:19:23","0xc94ebb328ac25b95db0e0aa968371885fa516215","0x6e5fada17f771d4cbe790ecea1367c42b311b3ca","","0.058395219269474594","0","95.1608493215358","0.000331446715005","0.540125566772148","1880.94","","","Transfer"
"0x15ba689aadd92d26fc2d506b84b84f3556691f282b2032c4df409126c770594c","17797170","1690615247","2023-07-29 07:20:47","0x6e5fada17f771d4cbe790ecea1367c42b311b3ca","0x166198f2662bd43fedee17304127a64008a89366","","0","0.018682260126453","30.4446111020678","0.000373466864988","0.608601603184445","1880.94","","","Transfer"
"0x7bf7d9f56a357882759e81ecbaf246bdb65ec20f9d0827bbedc0558c7dc6f6b2","17797174","1690615295","2023-07-29 07:21:35","0x6e5fada17f771d4cbe790ecea1367c42b311b3ca","0x9eb62e5bdb54823dddde8736ef0bdcdc8f9ee28a","","0","0.0378982991136618","61.7590682356233","0.00038438565165","0.62639485792884","1880.94","","","Transfer"
"0x96691c0240849cbb126bd963481ea8e69135e287b1a7068a4abcb34a72b59de7","17797415","1690618187","2023-07-29 08:09:47","0xd108fd0e8c8e71552a167e7a44ff1d345d233ba6","0x6e5fada17f771d4cbe790ecea1367c42b311b3ca","","0.0191","0","31.12536","0.00036149956017","0.589099683253032","1880.94","","","Transfer"
"0xd01dc516d4d8c60038c51441251c45b3ee358b372d3957ac94e030cfb2e7b23f","17797434","1690618427","2023-07-29 08:13:47","0xd108fd0e8c8e71552a167e7a44ff1d345d233ba6","0x6e5fada17f771d4cbe790ecea1367c42b311b3ca","","0.0254","0","41.39184","0.000468520555545","0.763501097316132","1880.94","","","Transfer"
"0x89ea09766257aa71895fde006d4940b29dde69522952a6e2ac982469fc2760d7","17797442","1690618523","2023-07-29 08:15:23","0x6e5fada17f771d4cbe790ecea1367c42b311b3ca","0x166198f2662bd43fedee17304127a64008a89366","","0","0.01601","26.089896","0.000314310733611","0.512200771492486","1880.94","","","Transfer"
"0xab901a6bb992f70ac2aedfce401002e9b67e2808e446876079c959db2c19aa94","17797446","1690618571","2023-07-29 08:16:11","0x6e5fada17f771d4cbe790ecea1367c42b311b3ca","0x9eb62e5bdb54823dddde8736ef0bdcdc8f9ee28a","","0","0.02776","45.237696","0.000324624239898","0.529007661337781","1880.94","","","Transfer"
"0x1a60a36abeb1b958eb7e88afcbc44d04890a1e2d74b2c44482e8743846e10189","17804500","1690703771","2023-07-30 07:56:11","0xd108fd0e8c8e71552a167e7a44ff1d345d233ba6","0x6e5fada17f771d4cbe790ecea1367c42b311b3ca","","0.017","0","27.7032","0.000478661611764","0.780026962530614","1861.71","","","Transfer"
"0xe9b53a5aa9098ed39cca0804bbb0022b9d15c68a6ba91b8e9348e32b4df20b55","17804504","1690703819","2023-07-30 07:56:59","0x6e5fada17f771d4cbe790ecea1367c42b311b3ca","0x166198f2662bd43fedee17304127a64008a89366","","0","0.017633812782918794","28.7360613110445","0.00045057718818","0.734260585858128","1861.71","","","Transfer"
"0x17856b3eb5341cde710f5e2b77d0c5262715bff708aa9f4dc64abb00608f6c98","17804929","1690708955","2023-07-30 09:22:35","0xb287eac48ab21c5fb1d3723830d60b4c797555b0","0x6e5fada17f771d4cbe790ecea1367c42b311b3ca","","0.0151","0","24.60696","0.000350147652687","0.570600614818735","1861.71","","","Transfer"
"0x9a182e57fb934654cfa9f71edcb0735aef6e8131feb8a0be0183926affff64bf","17804934","1690709027","2023-07-30 09:23:47","0x6e5fada17f771d4cbe790ecea1367c42b311b3ca","0x166198f2662bd43fedee17304127a64008a89366","","0","0.014816398371235","24.1448027857646","0.000334878711741","0.545718348653134","1861.71","","","Transfer"
"0xabfecd778fa3e9d6321409cb3aefeefc3817733c2bf84e894b60f1047338c560","17805082","1690710815","2023-07-30 09:53:35","0xb287eac48ab21c5fb1d3723830d60b4c797555b0","0x6e5fada17f771d4cbe790ecea1367c42b311b3ca","","0.0146","0","23.79216","0.000365006761392","0.594815018364403","1861.71","","","Transfer"
"0xfb4e0ca7949aea84fae363cec7336b2debfd21d9fad67653a18163e62997a479","17805085","1690710851","2023-07-30 09:54:11","0x6e5fada17f771d4cbe790ecea1367c42b311b3ca","0x166198f2662bd43fedee17304127a64008a89366","","0","0.014240562746426","23.2064210515758","0.00030790835166","0.501767449865136","1861.71","","","Transfer"
"0xbf9ee452cff13bb9ab8402d885c9b0ba4c5d66a9926f420b3dafc79d13132a4c","17831819","1691033663","2023-08-03 03:34:23","0xd108fd0e8c8e71552a167e7a44ff1d345d233ba6","0x6e5fada17f771d4cbe790ecea1367c42b311b3ca","","0.0258","0","42.04368","0.000406701865395","0.662761359847692","1834.44","","","Transfer"
"0x48f83db8a436cdf767b893f848173cdb497d102695bd6749056e6a6e37a576f4","17831822","1691033699","2023-08-03 03:34:59","0x6e5fada17f771d4cbe790ecea1367c42b311b3ca","0x166198f2662bd43fedee17304127a64008a89366","","0","0.025473990707937","41.5124152576541","0.000320794337409","0.522766452241706","1834.44","","","Transfer"
"0x5b551b2dce65d935e16dda28168e1865e306d1e136b80fad396302c34649266d","17832499","1691041859","2023-08-03 05:50:59","0xd108fd0e8c8e71552a167e7a44ff1d345d233ba6","0x6e5fada17f771d4cbe790ecea1367c42b311b3ca","","0.0243","0","39.59928","0.000336660448278","0.548621866513829","1834.44","","","Transfer"
"0xb3cc0e4db4e53a3106dc73aa0af00d91f698fdb1dd46c001ea257f50cd3e6322","17832502","1691041895","2023-08-03 05:51:35","0x6e5fada17f771d4cbe790ecea1367c42b311b3ca","0xb06f072bd63fda77d3a5e77c22c965e0482e20f3","","0","0.0240638957757","39.2145245560807","0.000261096621744","0.425483054794022","1834.44","","","Transfer"
"0x67cfbf11a3a09e9d9a2f84fa73763107face4397dd37e7072465e80a0e718364","17832709","1691044391","2023-08-03 06:33:11","0xd108fd0e8c8e71552a167e7a44ff1d345d233ba6","0x6e5fada17f771d4cbe790ecea1367c42b311b3ca","","0.0228","0","37.15488","0.000292551058317","0.476741204633383","1834.44","","","Transfer"
"0x3821ac69fcc23bd77e3b3df743c0eff1b15c187f76e8b065afe9d7b804f67129","17832713","1691044439","2023-08-03 06:33:59","0x6e5fada17f771d4cbe790ecea1367c42b311b3ca","0xaada4d2532e8bf8f345e39ed99178a2f8fdf8127","","0","0.022541694354717","36.7339451204468","0.000269588016768","0.439320632125133","1834.44","","","Transfer"
"0xb9f70a8091b7f8357a5ca5cb6c004a22fa172301db8e94331ad72821a1ba4b91","17832842","1691045987","2023-08-03 06:59:47","0xd108fd0e8c8e71552a167e7a44ff1d345d233ba6","0x6e5fada17f771d4cbe790ecea1367c42b311b3ca","","0.0165","0","26.8884","0.000333006691017","0.542667703681303","1834.44","","","Transfer"
"0xca7cae46489995ad31acd1801f0fccfe7f4495e5dee95b65c2bde21ea4004e47","17832845","1691046023","2023-08-03 07:00:23","0x6e5fada17f771d4cbe790ecea1367c42b311b3ca","0xaada4d2532e8bf8f345e39ed99178a2f8fdf8127","","0","0.016218378579087","26.4294697324802","0.000304815396879","0.496727170754018","1834.44","","","Transfer"
"0x53dbf65585829ca29d98f42038dae481e20b3a324a2a3ca63ef374347b7a200a","17832929","1691047031","2023-08-03 07:17:11","0xd108fd0e8c8e71552a167e7a44ff1d345d233ba6","0x6e5fada17f771d4cbe790ecea1367c42b311b3ca","","0.017","0","27.7032","0.000312753315462","0.509662802876875","1834.44","","","Transfer"
"0xc0a6557cd15603b60d4bfb327719b14f3371cfc018167b721fc7440a408569b0","17832931","1691047055","2023-08-03 07:17:35","0x6e5fada17f771d4cbe790ecea1367c42b311b3ca","0x166198f2662bd43fedee17304127a64008a89366","","0","0.01672737811907","27.2589353828365","0.000278789229348","0.454314928145501","1834.44","","","Transfer"
"0xf7d3c4ba54ae737f7f6209212bf2f710ef7c2da9ff6c3e45cad734420d3e1cd2","17833702","1691056427","2023-08-03 09:53:47","0xd108fd0e8c8e71552a167e7a44ff1d345d233ba6","0x6e5fada17f771d4cbe790ecea1367c42b311b3ca","","0.0154","0","25.09584","0.000381686702964","0.621996651150134","1834.44","","","Transfer"
"0xcf5e2c7ce5570e3dbea4dde774916a74685d41c936cc00831a58de176f7cd227","17833704","1691056451","2023-08-03 09:54:11","0x6e5fada17f771d4cbe790ecea1367c42b311b3ca","0xaada4d2532e8bf8f345e39ed99178a2f8fdf8127","","0","0.015023754257008","24.4827099372202","0.000314773483815","0.512954869224924","1834.44","","","Transfer"
"0x7bbb444026019826ed2391dc573ddcf6cc42066be83366fdb7b5bf41ba863fb7","17841284","1691148047","2023-08-04 11:20:47","0xb287eac48ab21c5fb1d3723830d60b4c797555b0","0x6e5fada17f771d4cbe790ecea1367c42b311b3ca","","0.0123","0","20.04408","0.000395467438023","0.644453737002281","1827.52","","","Transfer"
"0xff4ed53b81760b223492e5154eaa8ca4834aa4f8979df025f51430caec433e07","17841290","1691148119","2023-08-04 11:21:59","0x6e5fada17f771d4cbe790ecea1367c42b311b3ca","0x166198f2662bd43fedee17304127a64008a89366","","0","0.011981200466997","19.5245642810183","0.000337241754276","0.54956916276817","1827.52","","","Transfer"
"0xb2cf278e810f467f3680b6ec5d3754a4a36531c53059fb81417f469ac6527735","17985285","1692888851","2023-08-24 14:54:11","0xcbd6832ebc203e49e2b771897067fce3c58575ac","0x6e5fada17f771d4cbe790ecea1367c42b311b3ca","","0.0900908","0","146.81196768","0.00080295561003","1.30849646210489","1660.49","","","Transfer"
"0x0da9e84f2f0c8ace43e66cd7f0c7fc8cc9ef8604fbd13d62c3bf7731c662d92f","17985313","1692889187","2023-08-24 14:59:47","0x6e5fada17f771d4cbe790ecea1367c42b311b3ca","0x968b8e9c5ea7a67b0d02acb74c34e4ccd8d4797f","","0","0.0273089737287675","44.5027035883995","0.000792947344686","1.29218699290031","1660.49","","","Transfer"
"0xc30976b21a0905e49f6e2945bcdf8311398180b76b14e1cfadb6051f5d818742","17985531","1692891803","2023-08-24 15:43:23","0x974caa59e49682cda0ad2bbe82983419a2ecc400","0x6e5fada17f771d4cbe790ecea1367c42b311b3ca","","0.06081","0","99.095976","0.00055999653864","0.912570359367744","1660.49","","","Transfer"
"0xb9a1bbfcaf7d64423038499ddcdee30d62e3be711d1b01a79811307763730d4d","17985797","1692895043","2023-08-24 16:37:23","0x6e5fada17f771d4cbe790ecea1367c42b311b3ca","0xaada4d2532e8bf8f345e39ed99178a2f8fdf8127","","0","0.03034652699172","49.4527003857069","0.000607595125011","0.990137015717926","1660.49","","","Transfer"
"0x443437c9a8be5cf865bca554e5690dc0f1ec81e8e97e94230f4eadbf196ea401","17986278","1692900851","2023-08-24 18:14:11","0x6e5fada17f771d4cbe790ecea1367c42b311b3ca","0x166198f2662bd43fedee17304127a64008a89366","","0","0.030371319755328648","49.4931026732836","0.000687766497306","1.12078428400986","1660.49","","","Transfer"
"0x92c49f7a06c29850208b93892a622f51221e659b70e0058e62ee48ff60b8982f","17986472","1692903203","2023-08-24 18:53:23","0x6e5fada17f771d4cbe790ecea1367c42b311b3ca","0xee52e995e1db92fc8b0356d2449414d00b8a4f1f","","0","0.015215975557057499","24.7959537677809","0.000459558143163","0.748895950098425","1660.49","","","Transfer"
"0xcc77f96a3f901ea853e03ba5b0eb562a3f257b3ea2ca4d37f2cea7c5b80960cd","17986519","1692903791","2023-08-24 19:03:11","0x6e5fada17f771d4cbe790ecea1367c42b311b3ca","0x166198f2662bd43fedee17304127a64008a89366","","0","0.018244901310287994","29.7318911752453","0.00043488438147","0.708687588043512","1660.49","","","Transfer"
"0xa3ddd01f65a6b66118d10f191715afac9c2cc70f8b6601ec068012e7e2400dab","17986755","1692906659","2023-08-24 19:50:59","0x6e5fada17f771d4cbe790ecea1367c42b311b3ca","0x166198f2662bd43fedee17304127a64008a89366","","0","0.012118237644699999","19.7478800658031","0.000362887855764","0.591362049753014","1660.49","","","Transfer"
"0xd61cc6a9c812bb99ca578cbd6cc3cac30249f289dc0b72589ab78c560860e725","17986916","1692908603","2023-08-24 20:23:23","0x6e5fada17f771d4cbe790ecea1367c42b311b3ca","0x968b8e9c5ea7a67b0d02acb74c34e4ccd8d4797f","","0","0.01210657417243999","19.7288732714082","0.000486254984019","0.792401121957362","1660.49","","","Transfer"
"0x8dee8500edd979086b98c21b676e9988fcc211ef52aa14324e38ad2ce253fa77","17989451","1692939215","2023-08-25 04:53:35","0xcbd6832ebc203e49e2b771897067fce3c58575ac","0x6e5fada17f771d4cbe790ecea1367c42b311b3ca","","0.484428","0","789.4238688","0.000405295701615","0.660469875351804","1652.94","","","Transfer"
"0x4d0ba5821c56b09d9bbeff04d3273c92708de57ee0240f4b3e51820903916969","17989971","1692945479","2023-08-25 06:37:59","0x6e5fada17f771d4cbe790ecea1367c42b311b3ca","0xdf2870362c773064c7599d17f5d778b41bbec057","","0","0.48543517113376037","791.065154879576","0.000347659218921","0.566545463153661","1652.94","","","Transfer"
"0x9efa7bf63a8e572d5f730eecb1aef4a8c11a7a5f59cdf5398f471dbfb202ee0d","18035475","1693495967","2023-08-31 15:32:47","0xd108fd0e8c8e71552a167e7a44ff1d345d233ba6","0x6e5fada17f771d4cbe790ecea1367c42b311b3ca","","0.0192","0","31.28832","0.000779436786702","1.27017018760958","1645.67","","","Transfer"
"0x47eac681b01a7ef1c06ceb4ab7b94e8ce70aa827e440173b7d65db2f99c867be","18035478","1693496003","2023-08-31 15:33:23","0x6e5fada17f771d4cbe790ecea1367c42b311b3ca","0x166198f2662bd43fedee17304127a64008a89366","","0","0.018349444637952","29.9022549820066","0.000684147993459","1.11488757014079","1645.67","","","Transfer"
"0x05ea8ca88bb43e581353605de2c6d01e10fb977ba7a9d5d7169abd7f4a4ec33f","18035556","1693496951","2023-08-31 15:49:11","0xb287eac48ab21c5fb1d3723830d60b4c797555b0","0x6e5fada17f771d4cbe790ecea1367c42b311b3ca","","0.0191","0","31.12536","0.000853276309053","1.39049907323277","1645.67","","","Transfer"
"0x49169e226bf79d5f8045b7cc759fd2e1b5903041d81903a8f527cf631d1c69c0","18035561","1693497011","2023-08-31 15:50:11","0x6e5fada17f771d4cbe790ecea1367c42b311b3ca","0x166198f2662bd43fedee17304127a64008a89366","","0","0.01834523134487","29.8953889996002","0.000793974550068","1.29386092679081","1645.67","","","Transfer"
"0xc3a84a07b0a525832553e4236f0f43e14b24236c3d7584e2e9c89a52ba6699b5","18039941","1693550051","2023-09-01 06:34:11","0xd108fd0e8c8e71552a167e7a44ff1d345d233ba6","0x6e5fada17f771d4cbe790ecea1367c42b311b3ca","","0.022","0","35.8512","0.000282822493338","0.460887535143605","","","","Transfer"
"0x10b4486c31d144bc71ca829a526f146cb4c14aa81d78193a2f1b41d9901a249e","18039944","1693550087","2023-09-01 06:34:47","0x6e5fada17f771d4cbe790ecea1367c42b311b3ca","0x166198f2662bd43fedee17304127a64008a89366","","0","0.021915721038709","35.7138590046802","0.000219887807223","0.358329170650601","","","","Transfer"
"0xa75b6afc6a9f6e0787b64792d42ea7a9d9fae2dcb82fe2709ecb6583037aef0d","18040534","1693557191","2023-09-01 08:33:11","0xb287eac48ab21c5fb1d3723830d60b4c797555b0","0x6e5fada17f771d4cbe790ecea1367c42b311b3ca","","0.015","0","24.444","0.000276197332635","0.450091173261996","","","","Transfer"
"0x5a3a90ea82ceaae56ab734de2de7866e1ed0e4105731be1f35eea3101f807d19","18040542","1693557287","2023-09-01 08:34:47","0x6e5fada17f771d4cbe790ecea1367c42b311b3ca","0xaada4d2532e8bf8f345e39ed99178a2f8fdf8127","","0","0.014788123996794","24.0987268651755","0.000219774964458","0.358145282080757","","","","Transfer"
"0xbaebdd2ed59551f541bb19dacbdc8d3075a4d86d04764190a5c43fc4f86b1e22","18041181","1693565003","2023-09-01 10:43:23","0xd108fd0e8c8e71552a167e7a44ff1d345d233ba6","0x6e5fada17f771d4cbe790ecea1367c42b311b3ca","","0.0126","0","20.53296","0.000301663812534","0.491591348905406","","","","Transfer"
"0x8b76bc9ffa8216d9bd6c5cf4ef2e28fdcd99524caba7cae520025f96e0cf48f4","18041185","1693565051","2023-09-01 10:44:11","0x6e5fada17f771d4cbe790ecea1367c42b311b3ca","0x166198f2662bd43fedee17304127a64008a89366","","0","0.012350666743002","20.1266465243961","0.000258402486594","0.421092692153582","","","","Transfer"
"0x18382d6c893c699fd1bf21c05bf84a77408155ffb1ea586f4b1d8ef28dfc3adf","18041261","1693565963","2023-09-01 10:59:23","0xd108fd0e8c8e71552a167e7a44ff1d345d233ba6","0x6e5fada17f771d4cbe790ecea1367c42b311b3ca","","0.0159","0","25.91064","0.000275256971724","0.44855876112143","","","","Transfer"
"0x2f65da64953e2527855d9a3803484b846c03594cb4f15dabf263fea1746c80b8","18041612","1693570211","2023-09-01 12:10:11","0x6e5fada17f771d4cbe790ecea1367c42b311b3ca","0x166198f2662bd43fedee17304127a64008a89366","","0","0.015366660560619","25.0415100495847","0.000421292972982","0.686539028771467","","","","Transfer"
"0x7e29d68fbbd71890e039c9a3f63cf932c04e3d5e27a1146f31005917b499c6e1","18041719","1693571495","2023-09-01 12:31:35","0xb287eac48ab21c5fb1d3723830d60b4c797555b0","0x6e5fada17f771d4cbe790ecea1367c42b311b3ca","","0.0166","0","27.05136","0.000383955429123","0.625693767298841","","","","Transfer"
"0x401d3d4f52de18d4de0e28d354104e93a0f34aef6fe0daf0f9ebe1318d8263ba","18041721","1693571519","2023-09-01 12:31:59","0x6e5fada17f771d4cbe790ecea1367c42b311b3ca","0x0b39af1baf8fe97fa14d388a411df98dda1d5958","","0","0.016337230379593","26.6231506265848","0.000345127183275","0.56241925786494","","","","Transfer"
"0xd74230139d9726c5e8fc3b65839319ec823551b39c6b8c0f23aedf9412d7c2cc","18041996","1693574843","2023-09-01 13:27:23","0xb287eac48ab21c5fb1d3723830d60b4c797555b0","0x6e5fada17f771d4cbe790ecea1367c42b311b3ca","","0.016","0","26.0736","0.000364823123784","0.594515762518406","","","","Transfer"
"0x026c61d1b33659aa259d3bb9a14d1b5a5c46697527091173bb5c5b58e47a3fec","18042001","1693574903","2023-09-01 13:28:23","0x6e5fada17f771d4cbe790ecea1367c42b311b3ca","0x0b39af1baf8fe97fa14d388a411df98dda1d5958","","0","0.015713287167643","25.606372768391","0.000308563111353","0.502834446260849","","","","Transfer"
"0x744bbe8ac122e886dd9ade7c0d078bd47699017dc3e587f5b3b73da9087ac7d6","18042119","1693576331","2023-09-01 13:52:11","0xd108fd0e8c8e71552a167e7a44ff1d345d233ba6","0x6e5fada17f771d4cbe790ecea1367c42b311b3ca","","0.0155","0","25.2588","0.000548671903227","0.894115733498719","","","","Transfer"
"0x0783e4f022c435856fb7dea7aaa321f135c56380f1fc7764bc8726a8285a1180","18042139","1693576583","2023-09-01 13:56:23","0x6e5fada17f771d4cbe790ecea1367c42b311b3ca","0x0b39af1baf8fe97fa14d388a411df98dda1d5958","","0","0.014907401567399","24.2931015942334","0.000529831929942","0.863414113033483","","","","Transfer"
"0xb05a1014c6c0c7c856b6c5c0c59bc404b4abc3b6275f05c8b7e14d1086190f28","18042488","1693580807","2023-09-01 15:06:47","0xd108fd0e8c8e71552a167e7a44ff1d345d233ba6","0x6e5fada17f771d4cbe790ecea1367c42b311b3ca","","0.0148","0","24.11808","0.000913007325363","1.48783673741154","","","","Transfer"
"0x8fc76b54240614a243f954a97dffcf77a8a11003c6cf30a27c0df9d121ee11c1","18042491","1693580843","2023-09-01 15:07:23","0x6e5fada17f771d4cbe790ecea1367c42b311b3ca","0x968b8e9c5ea7a67b0d02acb74c34e4ccd8d4797f","","0","0.013818454618225","22.5185536458595","0.000828847691721","1.35069019842854","","","","Transfer"
"0x706e9656c006d10854fecc1b313c2f2d6b9ad4bfd057b55c226353073b77d8ad","18042791","1693584443","2023-09-01 16:07:23","0x974caa59e49682cda0ad2bbe82983419a2ecc400","0x6e5fada17f771d4cbe790ecea1367c42b311b3ca","","0.12236","0","199.397856","0.000878090580948","1.43093641071286","","","","Transfer"
